Enhanced Word,Enhanced Phonemes
Greetings!,G R IY1 T IH0 NG Z
Greetings!,G R IY1 T IH0 NG Z
Greetings!,G R IY1 T IH0 NG Z
This,DH IH1 S
is,IH1 Z
a,AH0
microphone,M AY1 K R AH0 F OW2 N
test,T EH1 S T
in,IH0 N
progress.,P R AA1 G R EH2 S
"Testing,",T EH1 S T IH0 NG
"testing,",T EH1 S T IH0 NG
"1,",[Not found]
"2,",[Not found]
"3,",[Not found]
"4,",[Not found]
5.,[Not found]
Can,K AE1 N
you,Y UW1
hear,HH IY1 R
me,M IY1
loud,L AW1 D
and,AH0 N D
clear?,K L IH1 R
Performing,P ER0 F AO1 R M IH0 NG
a,AH0
mic,M IH1 K
"check,",CH EH1 K
mic,M IH1 K
check.,CH EH1 K
